Destination Port,Init_Win_bytes_backward,Bwd Header Length,Init_Win_bytes_forward,Packet Length Mean,Fwd IAT Min,Fwd Packet Length Max,Packet Length Variance,URG Flag Count,Fwd Header Length,Bwd IAT Max,Flow IAT Min,min_seg_size_forward,PSH Flag Count,Bwd Packet Length Max,Flow Duration,Flow Bytes/s,Flow IAT Std,Fwd IAT Mean,Fwd Packet Length Mean,Flow IAT Max,Bwd IAT Mean,Max Packet Length,Bwd Packet Length Min,Total Fwd Packets,Fwd IAT Std,Attack_Type
22,245,304,8192,171.6153846,3,456,83265.44615,0,244,93020,1,20,1,976,370556,12041.36487,31005.60992,37055.6,138.9090909,95544,21146.0,976,0,11,50787.21781,BENIGN
443,2278,6376,29200,1257.980392,34,2428,1369378.931,0,3400,10100000,1,32,1,4344,115517927,3332.313953,1872830.24,1099854.533,168.4339623,10000000,583254.298,4344,0,106,3080061.796,BENIGN
1217,1,0,373,6.0,48,6,0.0,0,40,0,48,20,0,0,48,250000.0,0.0,48.0,6.0,48,0.0,6,0,2,0.0,BENIGN
53,1,40,1,98.2,3,47,4915.2,0,40,4,3,20,0,175,218,2036697.248,119.8012243,3.0,47.0,211,4.0,175,175,2,0.0,BENIGN
443,9300,20,32831,6.0,3,6,0.0,0,40,0,3,20,0,6,88332392,0.2037757564631556,62460429.13898765,3.0,6.0,88332389,0.0,6,6,2,0.0,BENIGN
443,0,20,258,6.2,3,31,192.2,0,60,0,3,20,0,0,32626,950.1624471,10997.05262,5316.5,10.33333333,21993,0.0,31,0,3,7514.423764,BENIGN
443,146,1736,29200,542.3861386,3,1163,535929.4994,0,1480,10000000,3,32,1,2896,115063606,476.0931967,3154242.592,2556275.0,75.30434783,10000000,2170419.208,2896,0,46,4319572.653,BENIGN
443,254,32,304,0.0,0,0,0.0,1,32,0,95185,32,0,0,95185,0.0,0.0,0.0,0.0,95185,0.0,0,0,1,0.0,BENIGN
53,1,64,1,159.2,3,44,24883.2,0,64,4,3,32,0,332,24500,30693.877551020407,14139.019426160125,3.0,44.0,24493,4.0,332,332,2,0.0,BENIGN
48918,229,164,235,856.0714286,44,5792,2774599.764,0,232,99600000,8,32,0,372,99662559,120.2557923,28800000.0,16600000.0,1656.428571,99600000,19900000.0,5792,0,7,40700000.0,BENIGN
443,980,464,8192,45.47222222,49,517,15741.74206,0,392,10100000,49,20,1,298,115780827,14.1387831,4710876.054,6432268.167,61.84210526,10000000,7370686.333,517,0,19,4790869.545,BENIGN
53,1,64,1,40.4,3,34,76.8,0,64,3,3,32,0,50,206,815533.9806,113.738003,3.0,34.0,200,3.0,50,50,2,0.0,BENIGN
443,219,136,29200,65.41666667,4,517,22451.53788,0,232,92539,4,32,1,150,5972419,131.4375298,1820207.232,995403.1667,90.71428571,5776867,48110.33333,517,0,7,2386113.183,BENIGN
53,1,40,1,59.4,1,33,1306.8,0,40,1,1,20,0,99,186,1419354.839,105.6550993,1.0,33.0,184,1.0,99,99,2,0.0,BENIGN
3676,1,0,123,6.0,1144,6,0.0,0,40,0,1144,20,0,0,1144,10489.51049,0.0,1144.0,6.0,1144,0.0,6,0,2,0.0,BENIGN
53,1,40,1,97.4,1,41,5964.3,0,40,3,1,20,0,182,31487,14164.57586,18175.56385,1.0,41.0,31483,3.0,182,182,2,0.0,BENIGN
59487,64189,20,4736,6.0,0,6,0.0,0,20,0,12,20,0,6,12,1000000.0,0.0,0.0,6.0,12,0.0,6,6,1,0.0,BENIGN
443,110,112,8192,43.18181818,50724,224,5439.563636,0,112,2914734,4,20,1,145,3206647,148.1298066,960202.5792,801661.75,57.4,2914734,788893.5,224,0,5,1468658.519,BENIGN
53,1,40,1,46.8,49,30,529.2,0,40,3,3,20,0,72,861885,236.6905098,497564.504,49.0,30.0,861833,3.0,72,72,2,0.0,BENIGN
4392,63919,20,30992,6.0,0,6,0.0,1,20,0,29,20,0,6,29,413793.1034,0.0,0.0,6.0,29,0.0,6,6,1,0.0,BENIGN
47292,0,20,1009,17.0,4,31,267.3333333,0,64,0,4,32,0,6,62,596774.1935,38.18376618,4.0,15.5,58,0.0,31,6,2,0.0,BENIGN
53,1,64,1,70.8,1,42,1555.2,0,64,1,1,32,0,114,250,1248000.0,142.6055165,1.0,42.0,248,1.0,114,114,2,0.0,BENIGN
443,115,232,65535,95.1,1,645,45430.62105263158,0,396,59999961,1,32,1,757,60159852,31.61576926751748,14139911.166828068,5469077.454545454,75.08333333333334,59999916,10018054.833333334,757,0,12,18085869.93077024,BENIGN
53,1,64,1,86.2,3,35,4915.2,0,64,49,3,32,0,163,248,1596774.194,100.8083991,3.0,35.0,196,49.0,163,163,2,0.0,BENIGN
34300,1,0,395,0.0,1,0,0.0,0,96,0,1,32,0,0,2,0.0,0.0,1.0,0.0,1,0.0,0,0,3,0.0,BENIGN
59377,32850,20,248,6.0,0,6,0.0,1,20,0,58,20,0,6,58,206896.551724138,0.0,0.0,6.0,58,0.0,6,6,1,0.0,BENIGN
443,512,392,29200,287.5333333,13,225,286325.0161,0,564,882661,1,32,1,1469,1031365,8363.673384,162856.9888,64460.3125,50.0,866104,90284.36364,1469,0,17,214334.0377,BENIGN
53,1,64,1,66.8,13,42,1153.2,0,64,1,1,32,0,104,48934,5967.221155,28239.93435,13.0,42.0,48920,1.0,104,104,2,0.0,BENIGN
443,377,1992,8192,748.776397515528,112,514,552449.9746894414,0,1232,58330956,0,20,1,2860,117589596,1025.2012431439937,6493012.065656527,1959826.6,34.42622950819672,58294138,1197478.5,2860,0,61,10517699.463989483,BENIGN
53,1,80,1,38.4,4,32,76.8,0,80,48,4,40,0,48,979,163432.0735,520.657597,4.0,32.0,927,48.0,48,48,2,0.0,BENIGN
60602,361,32,370,0.0,0,0,0.0,1,32,0,83,32,0,0,83,0.0,0.0,0.0,0.0,83,0.0,0,0,1,0.0,BENIGN
3268,2081,1008,29200,247.07692307692304,0,1313,202015.18881118888,0,1488,424466,0,32,1,3069,1038500,18557.53490611459,61177.32610098258,23077.77777777779,155.69565217391303,385957,33348.73333333334,3069,0,46,78477.86642101676,BENIGN
53,1,52,1,68.2,3097124,49,753.2,0,52,3249258,47330,20,0,103,3296588,88.57643115,1691267.569,3097124.0,48.0,3049794,3249258.0,103,93,2,0.0,BENIGN
443,1,0,254,6.0,5033,6,0.0,0,40,0,5033,20,0,0,5033,2384.263859,0.0,5033.0,6.0,5033,0.0,6,0,2,0.0,BENIGN
53,1,64,1,120.0,3,36,13230.0,0,64,3,3,32,0,246,1268,444794.952681388,726.8839889097388,3.0,36.0,1262,3.0,246,246,2,0.0,BENIGN
53,1,32,1,76.0,0,47,2523.0,0,32,0,30778,32,0,134,30778,5880.823965,0.0,0.0,47.0,30778,0.0,134,134,1,0.0,BENIGN
443,114,264,65535,75.06666666666666,51168,322,21134.06666666667,0,204,683794,1,32,1,485,935972,1203.0274409918245,161239.12391892058,176630.2,80.33333333333334,595317,126429.0,485,0,6,234993.17651944704,BENIGN
443,73,392,65535,404.5666667,3,1448,416038.0471,0,556,769995,3,32,1,2101,1184198,10249.13064,143314.7828,74012.375,211.7647059,737636,104633.5455,2101,0,17,185922.9478,BENIGN
53570,1,0,5452,6.0,999931,6,0.0,0,40,0,999931,20,0,0,999931,12.00082806,0.0,999931.0,6.0,999931,0.0,6,0,2,0.0,BENIGN
443,75,132,8192,235.93333333333337,3,195,280002.9238095238,0,184,148538,3,20,1,1601,5795149,610.6831765671599,1514032.9122362449,827878.4285714285,46.24999999999999,5482790,52300.4,1601,0,8,2053813.1907211733,BENIGN
443,119,252,8192,177.9230769,239,197,150562.8738,0,272,59000000,1,20,1,1410,118195342,39.1385982,16600000.0,9849611.833,50.15384615,58900000,10700000.0,1410,0,13,22900000.0,BENIGN
56183,255,20,132,6.0,0,6,0.0,1,20,0,28,20,0,6,28,428571.4286,0.0,0.0,6.0,28,0.0,6,6,1,0.0,BENIGN
80,1,0,65535,0.0,25500000,0,0.0,0,64,0,25500000,32,0,0,25532040,0.0,0.0,25500000.0,0.0,25500000,0.0,0,0,2,0.0,BENIGN
47187,333,32,185,0.0,0,0,0.0,1,32,0,32,32,0,0,32,0.0,0.0,0.0,0.0,32,0.0,0,0,1,0.0,BENIGN
53,1,32,1,61.333333333333336,0,56,85.33333333333333,0,32,0,30768,32,0,72,30768,4160.166406656266,0.0,0.0,56.0,30768,0.0,72,72,1,0.0,BENIGN
443,74,488,29200,198.1714286,124,825,172199.9697,0,616,10100000,13,32,1,1448,61828215,112.1817927,3891070.798,3434900.833,101.9473684,10000000,4412976.571,1448,0,19,4805943.821,BENIGN
53,1,80,1,47.11111111,1,40,71.11111111,0,80,186617,1,20,0,56,186834,2055.300427,70419.55014,62200.66667,40.0,186387,62223.0,56,56,4,107691.4163,BENIGN
53,1,64,1,35.4,49,29,76.8,0,64,1,1,32,0,45,169,875739.645,59.3408235,49.0,29.0,119,1.0,45,45,2,0.0,BENIGN
58927,65535,32,5101,0.0,0,0,0.0,0,32,0,67,32,0,0,67,0.0,0.0,0.0,0.0,67,0.0,0,0,1,0.0,BENIGN
80,113,252,8192,77.63157895,636,895,53528.80117,0,192,10100000,163,20,1,526,60157260,24.51906885,4890376.012,6288976.125,104.1111111,10000000,7513349.625,895,0,9,5171845.952,BENIGN
1859,256,20,237,6.0,0,6,0.0,1,20,0,36,20,0,6,36,333333.3333,0.0,0.0,6.0,36,0.0,6,6,1,0.0,Bot
8080,245,72,8192,148.375,136,1041,132007.4107,0,92,92889,96,20,1,128,95311,12453.96649,37726.2916,31770.33333,263.25,92889,46769.5,1041,0,4,54371.06348,Bot
8080,0,60,8192,2.571428571,528942,0,10.28571429,0,92,531021,386,28,1,6,1060591,16.97166957,289354.3718,530102.5,0.0,530635,529594.5,6,6,3,1641.194839,Bot
8080,237,72,8192,42.5,52,194,5668.285714,0,92,77214,52,20,1,128,79451,4279.367157,31342.02165,26483.66667,51.5,77214,38892.0,194,0,4,45227.8654,Bot
8080,237,92,8192,35.3,25,195,4680.9,0,112,208149,3,20,1,128,210319,1678.402807,73482.86036,52579.75,42.6,208149,69586.33333,195,0,5,104125.4831,Bot
52853,256,20,1255,6.0,0,6,0.0,1,20,0,38,20,0,6,38,315789.4737,0.0,0.0,6.0,38,0.0,6,6,1,0.0,Bot
8080,237,72,8192,43.0,4,198,5843.428571,0,92,60354,4,20,1,128,62388,5513.880875,24475.42229,20796.0,52.5,60354,30560.5,198,0,4,35508.2422,Bot
8080,237,72,8192,42.625,21,195,5711.696429,0,92,76750,21,20,1,128,78976,4317.767423,31153.89729,26325.33333,51.75,76750,38681.5,195,0,4,45103.08992,Bot
8080,237,72,8192,42.5,75,194,5668.285714,0,92,68214,75,20,1,128,70747,4805.857492,27644.17197,23582.33333,51.5,68214,34429.5,194,0,4,39969.12379,Bot
52941,256,20,237,6.0,0,6,0.0,1,20,0,40,20,0,6,40,300000.0,0.0,0.0,6.0,40,0.0,6,6,1,0.0,Bot
51704,256,20,237,6.0,0,6,0.0,1,20,0,20,20,0,6,20,600000.0,0.0,0.0,6.0,20,0.0,6,6,1,0.0,Bot
53722,256,20,255,6.0,0,6,0.0,1,20,0,40,20,0,6,40,300000.0,0.0,0.0,6.0,40,0.0,6,6,1,0.0,Bot
53104,256,20,237,6.0,0,6,0.0,1,20,0,65,20,0,6,65,184615.3846,0.0,0.0,6.0,65,0.0,6,6,1,0.0,Bot
8080,0,60,8192,2.571428571,509725,0,10.28571429,0,92,514989,516,28,1,6,1025230,17.55703598,279946.7999,512246.5,0.0,514252,512332.5,6,6,3,3565.939498,Bot
8080,0,60,8192,2.571428571,493200,0,10.28571429,0,92,500006,516,28,1,6,993768,18.11287946,271381.4833,496626.0,0.0,499490,496564.0,6,6,3,4845.095665,Bot
8080,237,72,8192,42.5,49,194,5668.285714,0,92,79023,49,20,1,128,80984,4198.36017,32102.2667,26994.66667,51.5,79023,39832.5,194,0,4,46232.02055,Bot
51788,256,20,237,6.0,0,6,0.0,1,20,0,49,20,0,6,49,244897.9592,0.0,0.0,6.0,49,0.0,6,6,1,0.0,Bot
52722,256,20,237,6.0,0,6,0.0,1,20,0,28,20,0,6,28,428571.4286,0.0,0.0,6.0,28,0.0,6,6,1,0.0,Bot
8080,0,60,8192,2.571428571,513373,0,10.28571429,0,92,515333,410,28,1,6,1029409,17.48576125,281122.1416,514499.5,0.0,514923,514391.0,6,6,3,1593.111578,Bot
8080,237,72,8192,42.625,16,195,5711.696429,0,92,75924,16,20,1,128,77843,4380.612258,30840.88834,25947.66667,51.75,75924,38261.5,195,0,4,44508.55264,Bot
8080,237,72,8192,42.5,49,194,5668.285714,0,92,120297,49,20,1,128,122460,2776.416789,48935.85574,40820.0,51.5,120297,60476.5,194,0,4,70197.84002,Bot
8080,237,72,8192,42.625,41,195,5711.696429,0,92,70606,41,20,1,128,72432,4707.863928,28676.88807,24144.0,51.75,70606,35603.5,195,0,4,41274.81088,Bot
8080,237,72,8192,42.75,61,196,5755.357143,0,92,63565,61,20,1,128,65434,5226.640584,25799.17441,21811.33333,52.0,63565,32103.0,196,0,4,37281.06096,Bot
8080,237,72,8192,42.625,48,195,5711.696429,0,92,61157,48,20,1,128,63341,5383.558832,24791.335,21113.66667,51.75,61157,30882.0,195,0,4,35937.41978,Bot
8080,237,72,8192,42.625,41,195,5711.696429,0,92,101695,41,20,1,128,103707,3288.109771,41353.59685,34569.0,51.75,101695,51145.5,195,0,4,59227.55029,Bot
8080,237,72,8192,43.0,20,198,5843.428571,0,92,95483,20,20,1,128,97361,3533.242263,38828.4927,32453.66667,52.5,95483,48024.0,198,0,4,55601.84584,Bot
8080,237,72,8192,42.625,52,195,5711.696429,0,92,72184,52,20,1,128,74152,4598.662207,29309.86534,24717.33333,51.75,72184,36397.5,195,0,4,42274.66573,Bot
8080,0,60,8192,2.571428571,496896,0,10.28571429,0,92,516849,507,28,1,6,1014550,17.741856,277105.5281,506900.5,0.0,516342,506993.5,6,6,3,14148.49958,Bot
3013,16393,20,237,6.0,0,6,0.0,1,20,0,21,20,0,6,21,571428.5714,0.0,0.0,6.0,21,0.0,6,6,1,0.0,Bot
8080,237,72,8192,42.75,62,196,5755.357143,0,92,64697,62,20,1,128,66461,5145.875024,26269.58813,22153.66667,52.0,64697,32621.0,196,0,4,37807.54941,Bot
8080,237,72,8192,42.625,21,195,5711.696429,0,92,122230,21,20,1,128,124376,2741.686499,49726.30401,41458.66667,51.75,122230,61418.0,195,0,4,71280.80735,Bot
8080,0,60,8192,2.571428571,500479,0,10.28571429,0,92,500932,540,28,1,6,1002015,17.96380294,273527.7555,500737.5,0.0,500392,500609.5,6,6,3,365.5742059,Bot
8080,1255,1552,8192,1669.8125,7,21900,16300000.0,0,692,75052,0,20,1,128,95671,1954813.893,7144.412692,2899.121212,5483.558824,75052,1239.644737,21900,0,34,14390.65912,Bot
52311,256,20,237,6.0,0,6,0.0,1,20,0,32,20,0,6,32,375000.0,0.0,0.0,6.0,32,0.0,6,6,1,0.0,Bot
51585,256,20,237,6.0,0,6,0.0,1,20,0,48,20,0,6,48,250000.0,0.0,0.0,6.0,48,0.0,6,6,1,0.0,Bot
8080,237,72,8192,42.5,47,194,5668.285714,0,92,83195,47,20,1,128,85976,3954.591979,33740.27691,28658.66667,51.5,83195,41923.5,194,0,4,48740.75665,Bot
51727,256,20,237,6.0,0,6,0.0,1,20,0,35,20,0,6,35,342857.1429,0.0,0.0,6.0,35,0.0,6,6,1,0.0,Bot
53509,256,20,237,6.0,0,6,0.0,1,20,0,41,20,0,6,41,292682.9268,0.0,0.0,6.0,41,0.0,6,6,1,0.0,Bot
8080,0,60,8192,2.571428571,513328,0,10.28571429,0,92,515626,514,28,1,6,1029497,17.48426659,281055.4993,514491.5,0.0,515112,514307.0,6,6,3,1645.43748,Bot
4277,256,20,237,6.0,0,6,0.0,1,20,0,3,20,0,6,3,4000000.0,0.0,0.0,6.0,3,0.0,6,6,1,0.0,Bot
8080,237,92,8192,35.4,32,196,4716.488889,0,112,195970,32,20,1,128,198136,1786.651593,69176.86677,49534.0,42.8,195970,65609.66667,196,0,5,98159.14856,Bot
4069,256,20,1392,6.0,0,6,0.0,1,20,0,37,20,0,6,37,324324.3243,0.0,0.0,6.0,37,0.0,6,6,1,0.0,Bot
2995,16393,20,237,6.0,0,6,0.0,1,20,0,20,20,0,6,20,600000.0,0.0,0.0,6.0,20,0.0,6,6,1,0.0,Bot
8080,237,72,8192,43.0,4,198,5843.428571,0,92,89561,4,20,1,128,91163,3773.460724,36433.1427,30387.66667,52.5,89561,45062.0,198,0,4,52191.91319,Bot
8080,237,72,8192,42.75,19,196,5755.357143,0,92,79799,19,20,1,128,81767,4182.616459,32418.36649,27255.66667,52.0,79799,40209.5,196,0,4,46588.49627,Bot
8080,0,60,8192,2.571428571,496815,0,10.28571429,0,92,499410,608,28,1,6,996833,18.05718711,272043.2845,498024.5,0.0,498626,498069.5,6,6,3,1710.491304,Bot
51657,256,20,237,6.0,0,6,0.0,1,20,0,17,20,0,6,17,705882.3529,0.0,0.0,6.0,17,0.0,6,6,1,0.0,Bot
51667,256,20,237,6.0,0,6,0.0,1,20,0,50,20,0,6,50,240000.0,0.0,0.0,6.0,50,0.0,6,6,1,0.0,Bot
8080,237,92,8192,35.3,21,195,4680.9,0,112,223349,21,20,1,128,225697,1564.043829,78847.64585,56424.25,42.6,223349,74786.66667,195,0,5,111939.7435,Bot
8080,0,60,8192,2.571428571,500875,0,10.28571429,0,92,502028,421,28,1,6,1003379,17.93938283,274079.1762,501479.0,0.0,501607,501362.5,6,6,3,854.1849917,Bot
22,247,1032,29200,86.41818182,302,640,35419.69226,0,712,2168262,2,32,1,976,11658299,407.6924086,595624.7543,472279.1905,91.27272727,2168262,376070.4516,976,0,22,852229.9325,Brute Force
21,227,488,29200,11.76,224,23,159.19,0,296,3452133,1,32,1,34,9618822,30.56507335,1088963.19,822623.5,11.77777778,3452133,687053.7857,34,0,9,1525533.013,Brute Force
22,247,1032,29200,88.01851852,513,640,35944.47135,0,680,2431693,4,32,1,976,11793701,403.0117433,618076.961,465978.75,95.61904762,2431693,380436.5484,976,0,21,825536.1284,Brute Force
21,0,20,229,7.0,229,14,65.33333333,0,64,0,92,32,0,0,229,61135.37118,31.81980515,229.0,7.0,137,0.0,14,0,2,0.0,Brute Force
21,227,488,29200,11.92,4,29,165.0766667,0,296,3384023,4,32,1,34,9650447,30.87939864,1091661.346,777846.875,12.22222222,3384023,689312.9286,34,0,9,1439494.407,Brute Force
21,227,488,29200,11.96,249,24,163.3733333,0,296,3304816,3,32,1,34,9306535,32.1279617,1046058.103,832918.75,12.33333333,3304816,664742.1429,34,0,9,1516500.015,Brute Force
21,227,488,29200,11.48,229,24,155.5933333,0,296,3106915,4,32,1,34,9121315,31.46476139,1003169.508,746726.875,11.0,3106915,651518.8571,34,0,9,1315703.643,Brute Force
21,227,488,29200,11.72,3,23,158.46,0,296,3396602,3,32,1,34,8991281,32.58712524,1023170.846,809597.5,11.66666667,3396602,642225.3571,34,0,9,1500367.964,Brute Force
21,227,488,29200,12.2,3,28,170.3333333,0,296,3267517,1,32,1,34,8691597,35.09136468,995699.2363,672944.75,13.0,3267517,620821.3571,34,0,9,1267460.122,Brute Force
21,227,488,29200,11.76,204,24,160.19,0,296,3496207,1,32,1,34,9602471,30.61711928,1091016.069,757932.375,11.77777778,3496207,685885.4286,34,0,9,1409032.138,Brute Force
21,227,488,29200,11.72,3,25,159.2933333,0,296,2988808,3,32,1,34,8365102,35.02647069,943350.8112,730654.75,11.66666667,2988808,597500.4286,34,0,9,1347193.45,Brute Force
22,247,1032,29200,88.01851852,455,640,35944.47135,0,680,2644303,5,32,1,976,13290471,357.624647,698282.6048,586020.55,95.61904762,2644303,428721.1935,976,0,21,1033471.717,Brute Force
22,247,1000,29200,89.67924528,221,640,36483.91437,0,680,2840250,3,32,1,976,12340327,385.1599719,659617.7325,472850.8,95.61904762,2840250,411340.8667,976,0,21,832478.5183,Brute Force
21,227,488,29200,12.12,3,27,167.6933333,0,296,3220549,3,32,1,34,9372273,32.32940398,1040333.777,763720.0,12.77777778,3220549,669443.8571,34,0,9,1367498.687,Brute Force
21,227,488,29200,11.6,1,22,157.0,0,296,3267568,1,32,1,34,9141766,31.72253589,1034287.725,729088.25,11.33333333,3267568,652975.5,34,0,9,1348127.273,Brute Force
22,247,1032,29200,88.01851852,339,640,35944.47135,0,680,2328233,3,32,1,976,12979048,366.2055954,672412.7352,538935.7,95.61904762,2328233,418674.7419,976,0,21,950370.3323,Brute Force
21,227,488,29200,11.72,218,24,159.7933333,0,296,3286190,3,32,1,34,9507635,30.81733786,1075462.805,818671.75,11.66666667,3286190,679113.9286,34,0,9,1514473.037,Brute Force
22,257,32,259,0.0,0,0,0.0,1,32,0,86,32,0,0,86,0.0,0.0,0.0,0.0,86,0.0,0,0,1,0.0,Brute Force
22,247,1032,29200,88.01851852,442,640,35944.47135,0,680,2596246,3,32,1,976,14168130,335.4712301,734122.5355,588159.85,95.61904762,2596246,457033.0,976,0,21,1034929.146,Brute Force
22,247,1064,29200,88.01851852,672,640,35944.47135,0,648,2463623,3,32,1,976,12974460,366.3350922,672504.7293,573348.2105,100.4,2463623,405447.7813,976,0,20,972655.6717,Brute Force
21,227,488,29200,11.72,3,27,160.7933333,0,296,3388282,3,32,1,34,9551475,30.67589037,1080808.132,787068.75,11.66666667,3388282,682239.2143,34,0,9,1460622.772,Brute Force
21,227,488,29200,11.8,4,29,163.5,0,296,3596420,3,32,1,34,10066564,29.30493463,1140401.841,859434.125,11.88888889,3596420,719034.8571,34,0,9,1593365.877,Brute Force
22,247,1032,29200,88.01851852,563,640,35944.47135,0,680,2432180,3,32,1,976,13141051,361.6910093,680989.9076,549601.8,95.61904762,2432180,423902.0968,976,0,21,966811.7246,Brute Force
22,247,1032,29200,86.41818182,312,640,35419.69226,0,712,2228300,3,32,1,976,11913281,398.966498,613537.0037,489159.8095,91.27272727,2228300,384297.5484,976,0,22,882345.1884,Brute Force
22,247,1032,29200,88.01851852,359,640,35944.47135,0,680,2294878,3,32,1,976,13306374,357.1972349,688292.532,556246.85,95.61904762,2294878,429233.6129,976,0,21,977469.4499,Brute Force
21,227,488,29200,11.96,238,27,164.6233333,0,296,3475817,4,32,1,34,9929883,30.11113021,1114189.728,801544.875,12.33333333,3475817,709267.8571,34,0,9,1459863.332,Brute Force
21,227,488,29200,12.0,251,34,171.6666667,0,296,2972017,3,32,1,34,8620739,34.79980081,972819.3721,722026.875,12.44444444,2972017,615756.1429,34,0,9,1336928.134,Brute Force
22,247,32,259,0.0,0,0,0.0,1,32,0,36,32,0,0,36,0.0,0.0,0.0,0.0,36,0.0,0,0,1,0.0,Brute Force
22,247,1032,29200,88.01851852,466,640,35944.47135,0,680,2604335,3,32,1,976,12760185,372.4867625,675293.133,505595.9,95.61904762,2604335,411614.4516,976,0,21,903484.6645,Brute Force
21,227,488,29200,11.84,49,25,161.7233333,0,296,3139028,1,32,1,34,8792840,33.66375369,995038.1009,723212.625,12.0,3139028,628051.2857,34,0,9,1346302.699,Brute Force
22,247,1032,29200,84.875,458,640,34909.05682,0,744,2261147,17,32,1,976,11684124,406.7913007,602873.6432,434375.7273,87.30434783,2261147,376902.5161,976,0,23,824963.4727,Brute Force
21,227,488,29200,11.8,219,25,161.8333333,0,296,3296066,3,32,1,34,8726665,33.80443732,1000435.861,696126.25,11.88888889,3296066,623327.0714,34,0,9,1321044.753,Brute Force
21,227,488,29200,11.96,3,24,163.3733333,0,296,3726340,3,32,1,34,9789414,30.54319697,1113616.196,850782.625,12.33333333,3726340,699240.5714,34,0,9,1585908.13,Brute Force
21,227,488,29200,11.92,225,24,162.5766667,0,296,3700780,3,32,1,34,9753361,30.5535702,1111461.867,881515.375,12.22222222,3700780,696663.7857,34,0,9,1631583.626,Brute Force
21,0,20,229,7.0,261,14,65.33333333,0,64,0,116,32,0,0,261,53639.84674,20.50609665,261.0,7.0,145,0.0,14,0,2,0.0,Brute Force
21,0,20,229,7.0,321,14,65.33333333,0,64,0,31,32,0,0,321,43613.70717,183.1406563,321.0,7.0,290,0.0,14,0,2,0.0,Brute Force
21,0,20,229,7.0,245,14,65.33333333,0,64,0,46,32,0,0,245,57142.85714,108.1873375,245.0,7.0,199,0.0,14,0,2,0.0,Brute Force
21,0,20,229,7.0,325,14,65.33333333,0,64,0,75,32,0,0,325,43076.92308,123.7436867,325.0,7.0,250,0.0,14,0,2,0.0,Brute Force
22,247,1032,29200,88.01851852,320,640,35944.47135,0,680,2231128,3,32,1,976,12465357,381.296741,646702.2109,509645.45,95.61904762,2231128,402104.5161,976,0,21,899078.0534,Brute Force
22,247,1032,29200,88.01851852,487,640,35944.47135,0,680,2224210,3,32,1,976,11832391,401.6939602,613198.7131,493257.8,95.61904762,2224210,381686.5806,976,0,21,868470.0343,Brute Force
22,247,1064,29200,86.41818182,334,640,35419.69226,0,680,2263605,4,32,1,976,11502174,413.2262301,597906.0577,482514.15,95.61904762,2263605,359437.9687,976,0,21,866634.9012,Brute Force
21,0,20,229,7.0,246,14,65.33333333,0,64,0,88,32,0,0,246,56910.56911,49.49747468,246.0,7.0,158,0.0,14,0,2,0.0,Brute Force
22,247,1032,29200,84.875,390,640,34909.05682,0,744,2312291,28,32,1,976,11598189,409.8053584,591160.5934,453030.7727,87.30434783,2312291,374130.871,976,0,23,849143.9884,Brute Force
22,247,1000,29200,93.19607843,236,640,37608.96078,0,616,2012759,3,32,1,976,10551663,450.4503224,562851.2359,472053.8333,105.6842105,2012759,351718.1333,976,0,19,778965.0863,Brute Force
21,227,488,29200,11.96,3,25,163.54,0,296,3195205,3,32,1,34,9504791,31.45781954,1070450.563,783295.5,12.33333333,3195205,678908.6429,34,0,9,1442082.642,Brute Force
21,227,488,29200,11.84,272,28,163.64,0,296,3184857,4,32,1,34,9108750,32.49622616,1024714.241,756445.125,12.0,3184857,650618.9286,34,0,9,1391465.463,Brute Force
21,227,488,29200,11.84,225,23,160.7233333,0,296,3707228,4,32,1,34,10057148,29.43180313,1140994.967,845616.125,12.0,3707228,718365.6429,34,0,9,1574124.086,Brute Force
21,227,488,29200,11.72,3,27,160.7933333,0,296,3416723,3,32,1,34,9157224,31.99659635,1040300.492,712310.875,11.66666667,3416723,654078.6429,34,0,9,1320444.037,Brute Force
21,227,488,29200,12.24,4,29,171.3566667,0,296,3020183,3,32,1,34,8777525,34.86176342,990111.4583,735287.75,13.11111111,3020183,626957.3571,34,0,9,1361328.32,Brute Force
21,227,488,29200,11.88,1,23,161.61,0,296,3099409,1,32,1,34,8808567,33.71717556,995151.516,732140.25,12.11111111,3099409,629177.8571,34,0,9,1358026.782,Brute Force
80,235,200,274,857.1428571,1,405,3422177.209,0,240,1253,1,32,0,5792,85403763,140.5090312,24300000.0,14200000.0,57.85714286,84400000,337.6,5792,0,7,34400000.0,DoS
80,235,200,251,849.9285714,1,304,2457320.995,0,232,135172,1,32,0,4344,85149206,139.7429355,24500000.0,14200000.0,43.42857143,85000000,29919.6,4344,0,7,34700000.0,DoS
80,235,232,0,797.0666667,4,331,2921502.067,0,184,98700000,2,20,0,5792,98691152,121.0848162,27400000.0,16400000.0,50.71428571,98700000,16400000.0,5792,0,7,40300000.0,DoS
80,235,64,229,4.8,100000000,8,19.2,0,64,100000000,65,32,0,0,99999901,0.160000158,57700000.0,100000000.0,8.0,100000000,100000000.0,8,0,2,0.0,DoS
80,1,0,256,6.0,1,6,0.0,0,100,0,1,20,0,0,2857936,10.49708601,1428296.078,714484.0,6.0,2856928,0.0,6,0,5,1428296.078,DoS
80,235,232,274,852.0,4,333,2775064.769,0,200,137227,4,32,0,5792,85108356,140.1507509,24500000.0,17000000.0,55.5,85000000,25102.5,5792,0,6,38000000.0,DoS
80,1,0,256,6.0,4,6,0.0,0,100,0,4,20,0,0,2596973,11.55191063,1296484.086,649243.25,6.0,2593969,0.0,6,0,5,1296484.086,DoS
80,235,232,251,795.9333333,3,344,1728209.21,0,232,134142,3,32,0,4344,100638821,118.6321529,27900000.0,16800000.0,49.14285714,100000000,24606.5,4344,0,7,41000000.0,DoS
80,235,168,251,795.6666667,1,334,4122139.952,0,284,136379,1,20,0,5792,85439383,139.6896792,23700000.0,10700000.0,37.77777778,85300000,37691.0,5792,0,9,30200000.0,DoS
80,235,200,251,799.4,1,384,3219739.114,0,240,4015,1,20,0,5792,98322757,121.9554899,27300000.0,14000000.0,49.5,98300000,906.6,5792,0,8,37200000.0,DoS
80,235,232,274,747.1875,0,360,2488305.496,0,264,53314,0,32,0,5792,98712089,121.1097863,26400000.0,14100000.0,45.0,98600000,10968.5,5792,0,8,37300000.0,DoS
80,235,232,0,917.8461538,1019,319,3990818.141,0,144,98700000,16,20,0,7240,98691764,120.8408839,29700000.0,24700000.0,66.2,98700000,16400000.0,7240,0,5,49300000.0,DoS
80,1,0,256,6.0,1,6,0.0,0,120,0,1,20,0,0,11049751,3.257991967,4940193.537,2209950.2,6.0,11000000,0.0,6,0,6,4940193.537,DoS
80,1,0,256,6.0,4,6,0.0,0,100,0,4,20,0,0,7951881,3.772692272,3974615.194,1987970.25,6.0,7949893,0.0,6,0,5,3974615.194,DoS
80,235,136,274,997.6666667,1,371,6556873.152,0,220,7117,1,20,0,8688,98369046,121.7049518,31100000.0,16400000.0,53.85714286,98400000,2561.333333,8688,0,7,40200000.0,DoS
80,1,0,256,6.0,3,6,0.0,0,100,0,3,20,0,0,5874854,5.106509881,2934753.267,1468713.5,6.0,5870843,0.0,6,0,5,2934753.267,DoS
80,1,0,256,6.0,4,6,0.0,0,100,0,4,20,0,0,11564727,2.594094958,5780353.558,2891181.75,6.0,11600000,0.0,6,0,5,5780353.558,DoS
80,235,232,0,920.1538462,998,349,2942195.808,0,144,99600000,42,20,0,5792,99737638,119.8745051,30000000.0,24900000.0,72.2,99600000,16600000.0,5792,0,5,49800000.0,DoS
80,1,0,251,0.0,208,0,0.0,0,64,0,208,32,0,0,208,0.0,0.0,208.0,0.0,208,0.0,0,0,2,0.0,DoS
80,235,232,0,797.4,49,342,3227814.257,0,204,86100000,9,20,0,5792,86061368,138.9125025,23600000.0,14300000.0,51.42857143,85100000,14300000.0,5792,0,7,34600000.0,DoS
80,229,132,8192,1162.7,2,20,3681776.011,0,72,104338,2,20,1,5840,114112,101891.1245,36525.31761,4489.0,8.666666667,104338,22813.4,5840,0,3,6345.576254,DoS
80,1,0,256,6.0,1,6,0.0,0,100,0,1,20,0,0,7018890,4.274180105,3508473.024,1754722.5,6.0,7017432,0.0,6,0,5,3508473.024,DoS
80,235,168,251,797.4666667,4,367,4120717.267,0,296,127250,4,32,0,5792,85810575,139.4000681,23800000.0,10700000.0,40.77777778,85700000,35107.25,5792,0,9,30300000.0,DoS
80,235,136,274,851.9285714,1,326,9568414.225,0,292,715,1,20,0,11595,86492827,137.8958281,24700000.0,10800000.0,36.88888889,85500000,368.6666667,11595,0,9,30200000.0,DoS
80,235,232,274,748.625,1,377,1650291.717,0,252,136176,1,20,0,4344,98288951,121.8651728,26200000.0,14000000.0,47.875,98100000,24615.0,4344,0,8,37100000.0,DoS
80,229,132,256,777.5333333,156,20,3598295.838,0,172,63137,33,20,0,7300,91679406,127.1496022,25300000.0,13100000.0,7.0,91300000,13969.6,7300,0,8,34500000.0,DoS
80,235,136,251,920.3846154,1,364,6087676.923,0,252,35510,1,20,0,8688,98400953,121.5943508,29700000.0,14100000.0,46.25,98400000,15899.66667,8688,0,8,37200000.0,DoS
80,235,232,0,856.0714286,3,366,2771811.456,0,164,98500000,3,20,0,5792,98528754,121.5787221,28400000.0,19700000.0,64.0,98500000,16400000.0,5792,0,6,44000000.0,DoS
80,1,0,256,6.0,1,6,0.0,0,80,0,1,20,0,0,2726906,8.801183466,1573490.589,908968.6667,6.0,2725879,0.0,6,0,4,1573490.589,DoS
80,235,32,0,4.8,1,6,7.2,0,60,0,1,20,0,0,11982,1502.25338,6891.844383,5991.0,6.0,11952,0.0,6,0,3,8471.139239,DoS
80,1,0,251,0.0,212,0,0.0,0,128,0,212,32,0,0,729,0.0,28.16025568,243.0,0.0,267,0.0,0,0,4,28.16025568,DoS
80,229,132,8192,1162.7,300,20,3654198.233,0,72,1196516,13,20,1,5840,1204933,9649.499184,422615.5602,4060.0,8.666666667,1196516,240967.2,5840,0,3,5317.442995,DoS
80,235,232,0,873.6428571,49,309,2745912.709,0,176,84300000,8,20,0,5792,84651093,144.4163279,24300000.0,16900000.0,105.0,84300000,14100000.0,5792,0,6,37700000.0,DoS
80,235,232,0,919.9230769,992,346,2942482.077,0,144,99900000,14,20,0,5792,100055644,119.4635257,30100000.0,25000000.0,71.6,99900000,16700000.0,5792,0,5,49900000.0,DoS
80,235,264,0,686.55,21,352,1529333.839,0,324,99400000,6,20,0,4344,102902524,133.3786526,23400000.0,10300000.0,193.6363636,99400000,14700000.0,4344,0,11,31300000.0,DoS
80,235,200,0,993.0833333,991,304,3512970.811,0,144,85400000,50,20,0,5792,85665052,139.0415312,27000000.0,21400000.0,63.2,85400000,17100000.0,5792,0,5,42700000.0,DoS
80,235,200,274,794.0,1,315,2329195.857,0,264,140224,1,32,0,4344,66698791,178.5639563,18400000.0,9508302.0,39.375,66500000,31324.8,4344,0,8,25100000.0,DoS
80,1,0,274,0.0,3,0,0.0,0,160,0,3,32,0,0,2003,0.0,571.3051578,500.75,0.0,1000,0.0,0,0,5,571.3051578,DoS
80,235,200,274,915.4615385,5,306,2946516.103,0,200,137152,5,32,0,5792,98293435,121.0762448,29600000.0,19600000.0,51.0,98100000,29911.4,5792,0,6,43900000.0,DoS
80,229,132,256,777.9333333,104,20,2648631.781,0,172,774852,12,20,0,4380,97937861,119.0857129,24500000.0,13900000.0,7.0,88900000,155193.2,4380,0,8,33200000.0,DoS
80,235,200,0,856.7857143,1,376,7301745.258,0,204,116000000,1,20,0,10147,115675205,103.643646,28700000.0,19300000.0,56.28571429,99600000,23100000.0,10147,0,7,39900000.0,DoS
80,229,92,8192,1453.375,771,20,9696700.839,0,72,18721,102,20,1,8760,31316,371279.8569,7773.504992,9352.5,8.666666667,17832,10404.66667,8760,0,3,12136.07369,DoS
80,235,168,251,746.125,0,343,4166564.383,0,328,4080,0,32,0,7240,98087804,121.7072818,26200000.0,10900000.0,34.3,98100000,1117.0,7240,0,10,32700000.0,DoS
80,229,112,8192,1292.555556,187,20,8593279.278,0,72,85029,5,20,1,8675,86155,135024.0845,32067.25887,404.0,8.666666667,85029,21491.25,8675,0,3,306.884343,DoS
80,1,0,410,0.0,1157504,0,0.0,0,64,0,1157504,32,0,0,1157504,0.0,0.0,1157504.0,0.0,1157504,0.0,0,0,2,0.0,DoS
80,229,92,256,897.1538462,8,20,5064817.308,0,172,290699,8,20,0,7215,80493205,144.8196776,22800000.0,11500000.0,7.0,76100000,107734.0,7215,0,8,28500000.0,DoS
80,229,132,8192,1163.3,113,20,3625073.789,0,72,1349043,16,20,1,4380,1350960,8610.913721,476862.1352,793.0,8.666666667,1349043,270181.0,4380,0,3,961.6652224,DoS
80,235,168,274,853.7142857,3,357,5676318.22,0,264,132272,3,32,0,8688,99642877,119.9483632,28700000.0,14200000.0,44.625,99500000,36166.5,8688,0,8,37600000.0,DoS
80,235,200,274,747.8125,1,370,2492042.963,0,296,10254,1,32,0,5792,98387802,121.6106037,26300000.0,12300000.0,41.11111111,98400000,3675.6,5792,0,9,34800000.0,DoS
80,229,112,256,833.0714286,1,20,4134107.764,0,172,15227,1,20,0,7300,72317729,161.1914556,19100000.0,10300000.0,7.0,66400000,7669.0,7300,0,8,24800000.0,DoS
444,3294,45000,3294,209.3746391,113,1272,87853.3494,0,45040,30300000,1,20,0,6,119992821,7857.203391,478609.8093,53306.45091,412.6589698,30300000,53339.03112,1272,6,2252,676742.9543,Infiltration
444,1452,300,255,168.2580645,446,1036,103384.4645,0,300,104000000,63,20,0,6,104790355,49.20300155,19200000.0,7484994.357,337.7333333,104000000,7485002.071,1036,6,15,27700000.0,Infiltration
444,1,0,538,6.0,20,6,0.0,1,40,0,20,20,0,0,20,600000.0,0.0,20.0,6.0,20,0.0,6,0,2,0.0,Infiltration
444,492,692,8192,184.4477612,4,1460,153541.948,0,652,37000000,2,20,1,267,66695827,185.2889537,5280456.166,2151464.935,371.8125,37000000,2021070.818,1460,0,32,7548995.503,Infiltration
444,3294,87480,3294,268.2811107,95,1273,103307.246,0,87520,1163557,1,20,0,6,119973135,19568.73095,20459.26463,27422.43086,530.5022852,1163091,27431.07249,1273,6,4376,23472.11964,Infiltration
444,1,0,255,6.0,2030,6,0.0,0,40,0,2030,20,0,0,2030,5911.330049,0.0,2030.0,6.0,2030,0.0,6,0,2,0.0,Infiltration
444,1452,500,255,117.7843137,441,1181,78375.01255,0,500,55000000,30,20,0,6,101086101,59.0684569,8874378.866,4211903.417,232.84,55000000,4211891.667,1181,6,25,12400000.0,Infiltration
9081,0,20,1024,3.333333333,0,2,5.333333333,0,24,0,50,24,1,6,50,160000.0,0.0,0.0,2.0,50,0.0,6,6,1,0.0,PortScan
545,0,20,1024,3.333333333,0,2,5.333333333,0,24,0,11,24,1,6,11,727272.7273,0.0,0.0,2.0,11,0.0,6,6,1,0.0,PortScan
5811,0,20,1024,3.333333333,0,2,5.333333333,0,24,0,28,24,1,6,28,285714.2857,0.0,0.0,2.0,28,0.0,6,6,1,0.0,PortScan
53,0,20,29200,2.0,0,0,12.0,0,40,0,118,40,1,6,118,50847.45763,0.0,0.0,0.0,118,0.0,6,6,1,0.0,PortScan
1045,0,20,1024,3.333333333,0,2,5.333333333,0,24,0,71,24,1,6,71,112676.0563,0.0,0.0,2.0,71,0.0,6,6,1,0.0,PortScan
5269,0,20,29200,2.0,0,0,12.0,0,40,0,59,40,1,6,59,101694.9153,0.0,0.0,0.0,59,0.0,6,6,1,0.0,PortScan
2010,0,20,1024,3.333333333,0,2,5.333333333,0,24,0,62,24,1,6,62,129032.2581,0.0,0.0,2.0,62,0.0,6,6,1,0.0,PortScan
9103,0,20,29200,2.0,0,0,12.0,0,40,0,20,40,1,6,20,300000.0,0.0,0.0,0.0,20,0.0,6,6,1,0.0,PortScan
749,0,20,1024,3.333333333,0,2,5.333333333,0,24,0,27,24,1,6,27,296296.2963,0.0,0.0,2.0,27,0.0,6,6,1,0.0,PortScan
7201,0,20,1024,3.333333333,0,2,5.333333333,0,24,0,11,24,1,6,11,727272.7273,0.0,0.0,2.0,11,0.0,6,6,1,0.0,PortScan
280,0,20,29200,2.0,0,0,12.0,0,40,0,30,40,1,6,30,200000.0,0.0,0.0,0.0,30,0.0,6,6,1,0.0,PortScan
6566,0,20,1024,3.333333333,0,2,5.333333333,0,24,0,72,24,1,6,72,111111.1111,0.0,0.0,2.0,72,0.0,6,6,1,0.0,PortScan
2323,0,20,1024,3.333333333,0,2,5.333333333,0,24,0,20,24,1,6,20,400000.0,0.0,0.0,2.0,20,0.0,6,6,1,0.0,PortScan
5500,0,20,29200,2.0,0,0,12.0,0,40,0,37,40,1,6,37,162162.1622,0.0,0.0,0.0,37,0.0,6,6,1,0.0,PortScan
1112,0,20,1024,3.333333333,0,2,5.333333333,0,24,0,63,24,1,6,63,126984.127,0.0,0.0,2.0,63,0.0,6,6,1,0.0,PortScan
9500,0,20,1024,3.333333333,0,2,5.333333333,0,24,0,55,24,1,6,55,145454.5455,0.0,0.0,2.0,55,0.0,6,6,1,0.0,PortScan
10003,0,20,1024,3.333333333,0,2,5.333333333,0,24,0,49,24,1,6,49,163265.3061,0.0,0.0,2.0,49,0.0,6,6,1,0.0,PortScan
2909,0,20,29200,2.0,0,0,12.0,0,40,0,52,40,1,6,52,115384.6154,0.0,0.0,0.0,52,0.0,6,6,1,0.0,PortScan
30951,0,20,29200,2.0,0,0,12.0,0,40,0,48,40,1,6,48,125000.0,0.0,0.0,0.0,48,0.0,6,6,1,0.0,PortScan
1900,0,20,29200,2.0,0,0,12.0,0,40,0,94,40,1,6,94,63829.78723,0.0,0.0,0.0,94,0.0,6,6,1,0.0,PortScan
3324,0,20,29200,2.0,0,0,12.0,0,40,0,38,40,1,6,38,157894.7368,0.0,0.0,0.0,38,0.0,6,6,1,0.0,PortScan
1062,0,20,1024,3.333333333,0,2,5.333333333,0,24,0,10,24,1,6,10,800000.0,0.0,0.0,2.0,10,0.0,6,6,1,0.0,PortScan
9040,0,20,1024,3.333333333,0,2,5.333333333,0,24,0,18,24,1,6,18,444444.4444,0.0,0.0,2.0,18,0.0,6,6,1,0.0,PortScan
21571,0,20,1024,3.333333333,0,2,5.333333333,0,24,0,54,24,1,6,54,148148.1481,0.0,0.0,2.0,54,0.0,6,6,1,0.0,PortScan
5903,0,20,1024,3.333333333,0,2,5.333333333,0,24,0,61,24,1,6,61,131147.541,0.0,0.0,2.0,61,0.0,6,6,1,0.0,PortScan
3801,0,20,1024,3.333333333,0,2,5.333333333,0,24,0,18,24,1,6,18,444444.4444,0.0,0.0,2.0,18,0.0,6,6,1,0.0,PortScan
34571,0,20,29200,2.0,0,0,12.0,0,40,0,74,40,1,6,74,81081.08108,0.0,0.0,0.0,74,0.0,6,6,1,0.0,PortScan
3809,0,20,29200,2.0,0,0,12.0,0,40,0,64,40,1,6,64,93750.0,0.0,0.0,0.0,64,0.0,6,6,1,0.0,PortScan
9011,0,20,29200,2.0,0,0,12.0,0,40,0,13,40,1,6,13,461538.4615,0.0,0.0,0.0,13,0.0,6,6,1,0.0,PortScan
43,0,20,29200,2.0,0,0,12.0,0,40,0,46,40,1,6,46,130434.7826,0.0,0.0,0.0,46,0.0,6,6,1,0.0,PortScan
1107,0,20,1024,3.333333333,0,2,5.333333333,0,24,0,14,24,1,6,14,571428.5714,0.0,0.0,2.0,14,0.0,6,6,1,0.0,PortScan
1027,0,20,1024,3.333333333,0,2,5.333333333,0,24,0,9,24,1,6,9,888888.8889,0.0,0.0,2.0,9,0.0,6,6,1,0.0,PortScan
1154,0,20,1024,3.333333333,0,2,5.333333333,0,24,0,18,24,1,6,18,444444.4444,0.0,0.0,2.0,18,0.0,6,6,1,0.0,PortScan
5003,0,20,29200,2.0,0,0,12.0,0,40,0,44,40,1,6,44,136363.6364,0.0,0.0,0.0,44,0.0,6,6,1,0.0,PortScan
903,0,20,29200,2.0,0,0,12.0,0,40,0,45,40,1,6,45,133333.3333,0.0,0.0,0.0,45,0.0,6,6,1,0.0,PortScan
5405,0,20,1024,3.333333333,0,2,5.333333333,0,24,0,56,24,1,6,56,142857.1429,0.0,0.0,2.0,56,0.0,6,6,1,0.0,PortScan
1068,0,20,1024,3.333333333,0,2,5.333333333,0,24,0,12,24,1,6,12,666666.6667,0.0,0.0,2.0,12,0.0,6,6,1,0.0,PortScan
2100,0,20,1024,3.333333333,0,2,5.333333333,0,24,0,19,24,1,6,19,421052.6316,0.0,0.0,2.0,19,0.0,6,6,1,0.0,PortScan
2008,0,20,1024,3.333333333,0,2,5.333333333,0,24,0,71,24,1,6,71,112676.0563,0.0,0.0,2.0,71,0.0,6,6,1,0.0,PortScan
61900,0,20,29200,2.0,0,0,12.0,0,40,0,12,40,1,6,12,500000.0,0.0,0.0,0.0,12,0.0,6,6,1,0.0,PortScan
28201,0,20,29200,2.0,0,0,12.0,0,40,0,53,40,1,6,53,113207.5472,0.0,0.0,0.0,53,0.0,6,6,1,0.0,PortScan
5988,0,20,1024,3.333333333,0,2,5.333333333,0,24,0,80,24,1,6,80,100000.0,0.0,0.0,2.0,80,0.0,6,6,1,0.0,PortScan
5200,0,20,1024,3.333333333,0,2,5.333333333,0,24,0,48,24,1,6,48,166666.6667,0.0,0.0,2.0,48,0.0,6,6,1,0.0,PortScan
49157,0,20,29200,2.0,0,0,12.0,0,40,0,59,40,1,6,59,101694.9153,0.0,0.0,0.0,59,0.0,6,6,1,0.0,PortScan
5903,0,20,1024,3.333333333,0,2,5.333333333,0,24,0,52,24,1,6,52,153846.1538,0.0,0.0,2.0,52,0.0,6,6,1,0.0,PortScan
5952,0,20,1024,3.333333333,0,2,5.333333333,0,24,0,9,24,1,6,9,888888.8889,0.0,0.0,2.0,9,0.0,6,6,1,0.0,PortScan
3017,0,20,29200,2.0,0,0,12.0,0,40,0,59,40,1,6,59,101694.9153,0.0,0.0,0.0,59,0.0,6,6,1,0.0,PortScan
1119,0,20,1024,3.333333333,0,2,5.333333333,0,24,0,62,24,1,6,62,129032.2581,0.0,0.0,2.0,62,0.0,6,6,1,0.0,PortScan
50001,0,20,1024,3.333333333,0,2,5.333333333,0,24,0,67,24,1,6,67,119402.9851,0.0,0.0,2.0,67,0.0,6,6,1,0.0,PortScan
2718,0,20,29200,2.0,0,0,12.0,0,40,0,58,40,1,6,58,103448.2759,0.0,0.0,0.0,58,0.0,6,6,1,0.0,PortScan
80,235,136,29200,108.5555556,4,447,46831.27778,0,136,5001011,4,32,1,530,5006127,195.1608499,1889619.815,1904.0,111.75,5000415,1668665.333,530,0,4,2168.235227,Web Attack
80,28960,40,29200,0.0,845,0,0.0,0,104,0,135,32,1,0,5874380,0.0,3390843.095,2937190.0,0.0,5873535,0.0,0,0,3,4152618.923,Web Attack
80,28960,40,29200,0.0,763,0,0.0,0,104,0,152,32,1,0,5726669,0.0,3305633.119,2863334.5,0.0,5725906,0.0,0,0,3,4048287.439,Web Attack
80,28960,40,29200,0.0,732,0,0.0,0,104,0,150,32,1,0,5166722,0.0,2982374.415,2583361.0,0.0,5165990,0.0,0,0,3,3652388.958,Web Attack
80,28960,40,29200,0.0,681,0,0.0,0,104,0,127,32,1,0,5169439,0.0,2983987.243,2584719.5,0.0,5168758,0.0,0,0,3,3654382.292,Web Attack
80,28960,40,29200,0.0,902,0,0.0,0,104,0,128,32,1,0,5496565,0.0,3172662.144,2748282.5,0.0,5495663,0.0,0,0,3,3885382.764,Web Attack
80,28960,40,29200,0.0,883,0,0.0,0,104,0,147,32,1,0,5285215,0.0,3050655.617,2642607.5,0.0,5284332,0.0,0,0,3,3735962.616,Web Attack
80,1174,32,1444,0.0,0,0,0.0,1,32,0,31,32,0,0,31,0.0,0.0,0.0,0.0,31,0.0,0,0,1,0.0,Web Attack
80,28960,40,29200,0.0,812,0,0.0,0,104,0,68,32,1,0,5995428,0.0,3460758.774,2997714.0,0.0,5994616,0.0,0,0,3,4238259.454,Web Attack
80,28960,40,29200,0.0,884,0,0.0,0,104,0,123,32,1,0,5720247,0.0,3301820.594,2860123.5,0.0,5719363,0.0,0,0,3,4043575.279,Web Attack
80,28960,40,29200,0.0,876,0,0.0,0,104,0,135,32,1,0,5016603,0.0,2895578.47,2508301.5,0.0,5015727,0.0,0,0,3,3546035.149,Web Attack
80,235,136,29200,83.66666667,673,383,27573.5,0,136,5005131,131,32,1,370,9791186,76.90590292,2388776.325,1595547.333,95.75,5004544,3263683.0,383,0,4,2761346.893,Web Attack
80,28960,40,29200,0.0,884,0,0.0,0,104,0,105,32,1,0,5993044,0.0,3459320.017,2996522.0,0.0,5992160,0.0,0,0,3,4236471.888,Web Attack
80,236,32,237,0.0,0,0,0.0,1,32,0,92,32,0,0,92,0.0,0.0,0.0,0.0,92,0.0,0,0,1,0.0,Web Attack
80,28960,40,29200,0.0,861,0,0.0,0,104,0,119,32,1,0,5843553,0.0,3373031.264,2921776.5,0.0,5842692,0.0,0,0,3,4130798.315,Web Attack
80,1176,3336,29200,376.9025974,657,602,130042.2055,0,6504,2285004,45,32,1,1068,33953460,3418.97409,291000.6208,168075.3861,216.2857143,2284429,329644.0097,1068,0,203,344828.7436,Web Attack
80,28960,40,29200,0.0,873,0,0.0,0,104,0,122,32,1,0,5303330,0.0,3061122.979,2651665.0,0.0,5302457,0.0,0,0,3,3748785.997,Web Attack
80,28960,40,29200,0.0,780,0,0.0,0,104,0,125,32,1,0,5518740,0.0,3185570.536,2759370.0,0.0,5517960,0.0,0,0,3,3901235.391,Web Attack
80,28960,40,29200,0.0,855,0,0.0,0,104,0,124,32,1,0,5809009,0.0,3353092.472,2904504.5,0.0,5808154,0.0,0,0,3,4106380.503,Web Attack
80,1176,3336,29200,376.8831169,704,602,130016.0905,0,6504,2291670,3,32,1,1068,34234347,3390.746726,291383.6612,169466.2376,216.2857143,2291016,332371.0,1068,0,203,345076.9343,Web Attack
80,235,32,237,0.0,0,0,0.0,1,32,0,65,32,0,0,65,0.0,0.0,0.0,0.0,65,0.0,0,0,1,0.0,Web Attack
80,1174,32,1444,0.0,0,0,0.0,1,32,0,83,32,0,0,83,0.0,0.0,0.0,0.0,83,0.0,0,0,1,0.0,Web Attack
80,28960,40,29200,0.0,913,0,0.0,0,104,0,159,32,1,0,5185197,0.0,2992884.217,2592598.5,0.0,5184284,0.0,0,0,3,3665196.784,Web Attack
80,28960,40,29200,0.0,869,0,0.0,0,104,0,150,32,1,0,5708586,0.0,3295101.1,2854293.0,0.0,5707717,0.0,0,0,3,4035350.92,Web Attack
80,28960,40,29200,0.0,888,0,0.0,0,104,0,139,32,1,0,5394673,0.0,3113846.893,2697336.5,0.0,5393785,0.0,0,0,3,3813354.039,Web Attack
80,28960,40,29200,0.0,883,0,0.0,0,104,0,93,32,1,0,5086569,0.0,2935967.302,2543284.5,0.0,5085686,0.0,0,0,3,3595498.682,Web Attack
80,28960,40,29200,0.0,883,0,0.0,0,104,0,126,32,1,0,5660473,0.0,3267310.925,2830236.5,0.0,5659590,0.0,0,0,3,4001310.092,Web Attack
80,28960,40,29200,0.0,893,0,0.0,0,104,0,80,32,1,0,5143338,0.0,2968734.241,2571669.0,0.0,5142445,0.0,0,0,3,3635626.285,Web Attack
80,28960,40,29200,0.0,807,0,0.0,0,104,0,85,32,1,0,5587804,0.0,3225421.277,2793902.0,0.0,5586997,0.0,0,0,3,3950032.83,Web Attack
80,28960,40,29200,0.0,898,0,0.0,0,104,0,132,32,1,0,5642860,0.0,3257129.065,2821430.0,0.0,5641962,0.0,0,0,3,3988834.608,Web Attack
80,28960,40,29200,0.0,886,0,0.0,0,104,0,93,32,1,0,5557914,0.0,3208095.865,2778957.0,0.0,5557028,0.0,0,0,3,3928785.685,Web Attack
80,253,200,29200,249.7142857,3,550,120055.9121,0,232,5001307,3,32,1,1075,5033635,694.5279107,1430384.915,12038.66667,188.0,4961403,1006704.4,1075,0,7,15492.66077,Web Attack
80,28960,40,29200,0.0,915,0,0.0,0,104,0,125,32,1,0,5207925,0.0,3006004.506,2603962.5,0.0,5207010,0.0,0,0,3,3681265.078,Web Attack
80,28960,40,29200,0.0,707,0,0.0,0,104,0,115,32,1,0,5866993,0.0,3386697.716,2933496.5,0.0,5866286,0.0,0,0,3,4147590.686,Web Attack
80,28960,40,29200,0.0,874,0,0.0,0,104,0,93,32,1,0,5778329,0.0,3335362.915,2889164.5,0.0,5777455,0.0,0,0,3,4084659.597,Web Attack
80,28960,40,29200,0.0,750,0,0.0,0,104,0,131,32,1,0,5056905,0.0,2918955.954,2528452.5,0.0,5056155,0.0,0,0,3,3574711.157,Web Attack
80,28960,40,29200,0.0,894,0,0.0,0,104,0,134,32,1,0,5015868,0.0,2895138.53,2507934.0,0.0,5014974,0.0,0,0,3,3545489.969,Web Attack
80,28960,40,29200,0.0,728,0,0.0,0,104,0,146,32,1,0,5016378,0.0,2895576.73,2508189.0,0.0,5015650,0.0,0,0,3,3546085.353,Web Attack
80,28960,40,29200,0.0,891,0,0.0,0,104,0,152,32,1,0,5893881,0.0,3402062.166,2946940.5,0.0,5892990,0.0,0,0,3,4166343.158,Web Attack
80,28960,40,29200,0.0,895,0,0.0,0,104,0,118,32,1,0,5334912,0.0,3079337.804,2667456.0,0.0,5334017,0.0,0,0,3,3771086.731,Web Attack
80,28960,40,29200,0.0,893,0,0.0,0,104,0,167,32,1,0,5567801,0.0,3213798.058,2783900.5,0.0,5566908,0.0,0,0,3,3935766.951,Web Attack
80,28960,40,29200,0.0,706,0,0.0,0,104,0,123,32,1,0,5536153,0.0,3195688.019,2768076.5,0.0,5535447,0.0,0,0,3,3913652.893,Web Attack
80,28960,40,29200,0.0,879,0,0.0,0,104,0,94,32,1,0,5827373,0.0,3363674.152,2913686.5,0.0,5826494,0.0,0,0,3,4119331.871,Web Attack
80,28960,40,29200,0.0,875,0,0.0,0,104,0,95,32,1,0,5113366,0.0,2951445.484,2556683.0,0.0,5112491,0.0,0,0,3,3614458.336,Web Attack
80,28960,40,29200,0.0,818,0,0.0,0,104,0,135,32,1,0,5229725,0.0,3018674.74,2614862.5,0.0,5228907,0.0,0,0,3,3696817.185,Web Attack
80,28960,40,29200,0.0,882,0,0.0,0,104,0,123,32,1,0,5474325,0.0,3159839.194,2737162.5,0.0,5473443,0.0,0,0,3,3869684.994,Web Attack
80,28960,40,29200,0.0,704,0,0.0,0,104,0,144,32,1,0,5951501,0.0,3435491.029,2975750.5,0.0,5950797,0.0,0,0,3,4207351.109,Web Attack
80,28960,40,29200,0.0,803,0,0.0,0,104,0,109,32,1,0,5813749,0.0,3355874.144,2906874.5,0.0,5812946,0.0,0,0,3,4109805.729,Web Attack
80,28960,40,29200,0.0,683,0,0.0,0,104,0,156,32,1,0,5592882,0.0,3228460.438,2796441.0,0.0,5592199,0.0,0,0,3,3953798.881,Web Attack
80,236,136,29200,107.3333333,721,602,48902.0,0,136,5004646,113,32,1,364,8807044,109.6849295,2175182.673,1267648.667,150.5,5004098,2935643.667,602,0,4,2191723.196,Web Attack
